{
  "": {
    "swift-dependencies": "/home/dorian/polytech/ProjetAlgo/Rabeson_Laurancy-ProjetAlgo-ArtOfWar/ArtOfWarProtocol/.build/x86_64-unknown-linux/debug/ArtOfWarProtocol.build/master.swiftdeps"
  },
  "/home/dorian/polytech/ProjetAlgo/Rabeson_Laurancy-ProjetAlgo-ArtOfWar/ArtOfWarProtocol/Sources/ArtOfWarProtocol/CarteProtocol.swift": {
    "dependencies": "/home/dorian/polytech/ProjetAlgo/Rabeson_Laurancy-ProjetAlgo-ArtOfWar/ArtOfWarProtocol/.build/x86_64-unknown-linux/debug/ArtOfWarProtocol.build/CarteProtocol.d",
    "object": "/home/dorian/polytech/ProjetAlgo/Rabeson_Laurancy-ProjetAlgo-ArtOfWar/ArtOfWarProtocol/.build/x86_64-unknown-linux/debug/ArtOfWarProtocol.build/CarteProtocol.swift.o",
    "swiftmodule": "/home/dorian/polytech/ProjetAlgo/Rabeson_Laurancy-ProjetAlgo-ArtOfWar/ArtOfWarProtocol/.build/x86_64-unknown-linux/debug/ArtOfWarProtocol.build/CarteProtocol~partial.swiftmodule",
    "swift-dependencies": "/home/dorian/polytech/ProjetAlgo/Rabeson_Laurancy-ProjetAlgo-ArtOfWar/ArtOfWarProtocol/.build/x86_64-unknown-linux/debug/ArtOfWarProtocol.build/CarteProtocol.swiftdeps"
  },
  "/home/dorian/polytech/ProjetAlgo/Rabeson_Laurancy-ProjetAlgo-ArtOfWar/ArtOfWarProtocol/Sources/ArtOfWarProtocol/MainProtocol.swift": {
    "dependencies": "/home/dorian/polytech/ProjetAlgo/Rabeson_Laurancy-ProjetAlgo-ArtOfWar/ArtOfWarProtocol/.build/x86_64-unknown-linux/debug/ArtOfWarProtocol.build/MainProtocol.d",
    "object": "/home/dorian/polytech/ProjetAlgo/Rabeson_Laurancy-ProjetAlgo-ArtOfWar/ArtOfWarProtocol/.build/x86_64-unknown-linux/debug/ArtOfWarProtocol.build/MainProtocol.swift.o",
    "swiftmodule": "/home/dorian/polytech/ProjetAlgo/Rabeson_Laurancy-ProjetAlgo-ArtOfWar/ArtOfWarProtocol/.build/x86_64-unknown-linux/debug/ArtOfWarProtocol.build/MainProtocol~partial.swiftmodule",
    "swift-dependencies": "/home/dorian/polytech/ProjetAlgo/Rabeson_Laurancy-ProjetAlgo-ArtOfWar/ArtOfWarProtocol/.build/x86_64-unknown-linux/debug/ArtOfWarProtocol.build/MainProtocol.swiftdeps"
  },
  "/home/dorian/polytech/ProjetAlgo/Rabeson_Laurancy-ProjetAlgo-ArtOfWar/ArtOfWarProtocol/Sources/ArtOfWarProtocol/PiocheProtocol.swift": {
    "dependencies": "/home/dorian/polytech/ProjetAlgo/Rabeson_Laurancy-ProjetAlgo-ArtOfWar/ArtOfWarProtocol/.build/x86_64-unknown-linux/debug/ArtOfWarProtocol.build/PiocheProtocol.d",
    "object": "/home/dorian/polytech/ProjetAlgo/Rabeson_Laurancy-ProjetAlgo-ArtOfWar/ArtOfWarProtocol/.build/x86_64-unknown-linux/debug/ArtOfWarProtocol.build/PiocheProtocol.swift.o",
    "swiftmodule": "/home/dorian/polytech/ProjetAlgo/Rabeson_Laurancy-ProjetAlgo-ArtOfWar/ArtOfWarProtocol/.build/x86_64-unknown-linux/debug/ArtOfWarProtocol.build/PiocheProtocol~partial.swiftmodule",
    "swift-dependencies": "/home/dorian/polytech/ProjetAlgo/Rabeson_Laurancy-ProjetAlgo-ArtOfWar/ArtOfWarProtocol/.build/x86_64-unknown-linux/debug/ArtOfWarProtocol.build/PiocheProtocol.swiftdeps"
  },
  "/home/dorian/polytech/ProjetAlgo/Rabeson_Laurancy-ProjetAlgo-ArtOfWar/ArtOfWarProtocol/Sources/ArtOfWarProtocol/PlateauProtocol.swift": {
    "dependencies": "/home/dorian/polytech/ProjetAlgo/Rabeson_Laurancy-ProjetAlgo-ArtOfWar/ArtOfWarProtocol/.build/x86_64-unknown-linux/debug/ArtOfWarProtocol.build/PlateauProtocol.d",
    "object": "/home/dorian/polytech/ProjetAlgo/Rabeson_Laurancy-ProjetAlgo-ArtOfWar/ArtOfWarProtocol/.build/x86_64-unknown-linux/debug/ArtOfWarProtocol.build/PlateauProtocol.swift.o",
    "swiftmodule": "/home/dorian/polytech/ProjetAlgo/Rabeson_Laurancy-ProjetAlgo-ArtOfWar/ArtOfWarProtocol/.build/x86_64-unknown-linux/debug/ArtOfWarProtocol.build/PlateauProtocol~partial.swiftmodule",
    "swift-dependencies": "/home/dorian/polytech/ProjetAlgo/Rabeson_Laurancy-ProjetAlgo-ArtOfWar/ArtOfWarProtocol/.build/x86_64-unknown-linux/debug/ArtOfWarProtocol.build/PlateauProtocol.swiftdeps"
  },
  "/home/dorian/polytech/ProjetAlgo/Rabeson_Laurancy-ProjetAlgo-ArtOfWar/ArtOfWarProtocol/Sources/ArtOfWarProtocol/RoyaumeProtocol.swift": {
    "dependencies": "/home/dorian/polytech/ProjetAlgo/Rabeson_Laurancy-ProjetAlgo-ArtOfWar/ArtOfWarProtocol/.build/x86_64-unknown-linux/debug/ArtOfWarProtocol.build/RoyaumeProtocol.d",
    "object": "/home/dorian/polytech/ProjetAlgo/Rabeson_Laurancy-ProjetAlgo-ArtOfWar/ArtOfWarProtocol/.build/x86_64-unknown-linux/debug/ArtOfWarProtocol.build/RoyaumeProtocol.swift.o",
    "swiftmodule": "/home/dorian/polytech/ProjetAlgo/Rabeson_Laurancy-ProjetAlgo-ArtOfWar/ArtOfWarProtocol/.build/x86_64-unknown-linux/debug/ArtOfWarProtocol.build/RoyaumeProtocol~partial.swiftmodule",
    "swift-dependencies": "/home/dorian/polytech/ProjetAlgo/Rabeson_Laurancy-ProjetAlgo-ArtOfWar/ArtOfWarProtocol/.build/x86_64-unknown-linux/debug/ArtOfWarProtocol.build/RoyaumeProtocol.swiftdeps"
  }
}
